username,repo_name,repo_url
ljianshu,Blog,https://github.com/ljianshu/Blog
metafizzy,infinite-scroll,https://github.com/metafizzy/infinite-scroll
olifolkerd,tabulator,https://github.com/olifolkerd/tabulator
developit,unfetch,https://github.com/developit/unfetch
jquery-form,form,https://github.com/jquery-form/form
Studio-42,elFinder,https://github.com/Studio-42/elFinder
elbywan,wretch,https://github.com/elbywan/wretch
dwyl,learn-to-send-email-via-google-script-html-no-server,https://github.com/dwyl/learn-to-send-email-via-google-script-html-no-server
ded,reqwest,https://github.com/ded/reqwest
wendux,ajax-hook,https://github.com/wendux/ajax-hook
LeaVerou,bliss,https://github.com/LeaVerou/bliss
noelboss,featherlight,https://github.com/noelboss/featherlight
craftpip,jquery-confirm,https://github.com/craftpip/jquery-confirm
taoensso,sente,https://github.com/taoensso/sente
nette,tracy,https://github.com/nette/tracy
loadingio,css-spinner,https://github.com/loadingio/css-spinner
k8w,tsrpc,https://github.com/k8w/tsrpc
joaomilho,Enterprise,https://github.com/joaomilho/Enterprise
codingforentrepreneurs,eCommerce,https://github.com/codingforentrepreneurs/eCommerce
u014427391,jeeplatform,https://github.com/u014427391/jeeplatform
