username,repo_name,repo_url
jwasham,coding-interview-university,https://github.com/jwasham/coding-interview-university
trekhleb,javascript-algorithms,https://github.com/trekhleb/javascript-algorithms
TheAlgorithms,Python,https://github.com/TheAlgorithms/Python
CyC2018,CS-Notes,https://github.com/CyC2018/CS-Notes
yangshun,tech-interview-handbook,https://github.com/yangshun/tech-interview-handbook
kdn251,interviews,https://github.com/kdn251/interviews
TheAlgorithms,Java,https://github.com/TheAlgorithms/Java
azl397985856,leetcode,https://github.com/azl397985856/leetcode
algorithm-visualizer,algorithm-visualizer,https://github.com/algorithm-visualizer/algorithm-visualizer
youngyangyang04,leetcode-master,https://github.com/youngyangyang04/leetcode-master
krahets,hello-algo,https://github.com/krahets/hello-algo
huihut,interview,https://github.com/huihut/interview
halfrost,LeetCode-Go,https://github.com/halfrost/LeetCode-Go
TheAlgorithms,JavaScript,https://github.com/TheAlgorithms/JavaScript
donnemartin,interactive-coding-challenges,https://github.com/donnemartin/interactive-coding-challenges
crossoverJie,JCSprout,https://github.com/crossoverJie/JCSprout
TheAlgorithms,C-Plus-Plus,https://github.com/TheAlgorithms/C-Plus-Plus
keon,algorithms,https://github.com/keon/algorithms
mxgmn,WaveFunctionCollapse,https://github.com/mxgmn/WaveFunctionCollapse
trekhleb,homemade-machine-learning,https://github.com/trekhleb/homemade-machine-learning
