username,repo_name,repo_url
bregman-arie,devops-exercises,https://github.com/bregman-arie/devops-exercises
localstack,localstack,https://github.com/localstack/localstack
serverless,serverless,https://github.com/serverless/serverless
ByteByteGoHq,system-design-101,https://github.com/ByteByteGoHq/system-design-101
donnemartin,data-science-ipython-notebooks,https://github.com/donnemartin/data-science-ipython-notebooks
sst,sst,https://github.com/sst/sst
pulumi,pulumi,https://github.com/pulumi/pulumi
kubernetes-sigs,kubespray,https://github.com/kubernetes-sigs/kubespray
aws,aws-cli,https://github.com/aws/aws-cli
ramitsurana,awesome-kubernetes,https://github.com/ramitsurana/awesome-kubernetes
getsops,sops,https://github.com/getsops/sops
donnemartin,awesome-aws,https://github.com/donnemartin/awesome-aws
caprover,caprover,https://github.com/caprover/caprover
GoogleCloudPlatform,terraformer,https://github.com/GoogleCloudPlatform/terraformer
aws,aws-cdk,https://github.com/aws/aws-cdk
apereo,cas,https://github.com/apereo/cas
aws,chalice,https://github.com/aws/chalice
infracost,infracost,https://github.com/infracost/infracost
aws-amplify,amplify-js,https://github.com/aws-amplify/amplify-js
google,go-cloud,https://github.com/google/go-cloud
