username,repo_name,repo_url
amphp,amp,https://github.com/amphp/amp
danog,MadelineProto,https://github.com/danog/MadelineProto
unreal4u,telegram-api,https://github.com/unreal4u/telegram-api
amphp,parallel,https://github.com/amphp/parallel
amphp,http-client,https://github.com/amphp/http-client
amphp,byte-stream,https://github.com/amphp/byte-stream
php-service-bus,service-bus,https://github.com/php-service-bus/service-bus
amphp,mysql,https://github.com/amphp/mysql
amphp,parallel-functions,https://github.com/amphp/parallel-functions
amphp,process,https://github.com/amphp/process
amphp,socket,https://github.com/amphp/socket
xtrime-ru,TelegramRSS,https://github.com/xtrime-ru/TelegramRSS
amphp,sync,https://github.com/amphp/sync
amphp,dns,https://github.com/amphp/dns
amphp,redis,https://github.com/amphp/redis
amphp,websocket-client,https://github.com/amphp/websocket-client
kelunik,acme,https://github.com/kelunik/acme
amphp,websocket-server,https://github.com/amphp/websocket-server
amphp,serialization,https://github.com/amphp/serialization
amphp,cache,https://github.com/amphp/cache
