username,repo_name,repo_url
flutter,flutter,https://github.com/flutter/flutter
facebook,react-native,https://github.com/facebook/react-native
justjavac,free-programming-books-zh_CN,https://github.com/justjavac/free-programming-books-zh_CN
Genymobile,scrcpy,https://github.com/Genymobile/scrcpy
Hack-with-Github,Awesome-Hacking,https://github.com/Hack-with-Github/Awesome-Hacking
Solido,awesome-flutter,https://github.com/Solido/awesome-flutter
google,material-design-icons,https://github.com/google/material-design-icons
wasabeef,awesome-android-ui,https://github.com/wasabeef/awesome-android-ui
square,okhttp,https://github.com/square/okhttp
android,architecture-samples,https://github.com/android/architecture-samples
square,retrofit,https://github.com/square/retrofit
laurent22,joplin,https://github.com/laurent22/joplin
dcloudio,uni-app,https://github.com/dcloudio/uni-app
appwrite,appwrite,https://github.com/appwrite/appwrite
fastlane,fastlane,https://github.com/fastlane/fastlane
PhilJay,MPAndroidChart,https://github.com/PhilJay/MPAndroidChart
skylot,jadx,https://github.com/skylot/jadx
airbnb,lottie-android,https://github.com/airbnb/lottie-android
shadowsocks,shadowsocks-android,https://github.com/shadowsocks/shadowsocks-android
bumptech,glide,https://github.com/bumptech/glide
