username,repo_name,repo_url
justjavac,free-programming-books-zh_CN,https://github.com/justjavac/free-programming-books-zh_CN
angular,angular,https://github.com/angular/angular
storybookjs,storybook,https://github.com/storybookjs/storybook
leonardomso,33-js-concepts,https://github.com/leonardomso/33-js-concepts
ionic-team,ionic-framework,https://github.com/ionic-team/ionic-framework
prettier,prettier,https://github.com/prettier/prettier
Asabeneh,30-Days-Of-JavaScript,https://github.com/Asabeneh/30-Days-Of-JavaScript
SheetJS,sheetjs,https://github.com/SheetJS/sheetjs
angular,angular-cli,https://github.com/angular/angular-cli
angular,components,https://github.com/angular/components
NativeScript,NativeScript,https://github.com/NativeScript/NativeScript
goldbergyoni,javascript-testing-best-practices,https://github.com/goldbergyoni/javascript-testing-best-practices
jhipster,generator-jhipster,https://github.com/jhipster/generator-jhipster
nrwl,nx,https://github.com/nrwl/nx
pubkey,rxdb,https://github.com/pubkey/rxdb
wailsapp,wails,https://github.com/wailsapp/wails
sudheerj,javascript-interview-questions,https://github.com/sudheerj/javascript-interview-questions
teambit,bit,https://github.com/teambit/bit
sweetalert2,sweetalert2,https://github.com/sweetalert2/sweetalert2
jasontaylordev,CleanArchitecture,https://github.com/jasontaylordev/CleanArchitecture
