username,repo_name,repo_url
public-apis,public-apis,https://github.com/public-apis/public-apis
neovim,neovim,https://github.com/neovim/neovim
tiangolo,fastapi,https://github.com/tiangolo/fastapi
strapi,strapi,https://github.com/strapi/strapi
hoppscotch,hoppscotch,https://github.com/hoppscotch/hoppscotch
ocornut,imgui,https://github.com/ocornut/imgui
meilisearch,meilisearch,https://github.com/meilisearch/meilisearch
slatedocs,slate,https://github.com/slatedocs/slate
Kong,insomnia,https://github.com/Kong/insomnia
hasura,graphql-engine,https://github.com/hasura/graphql-engine
httpie,cli,https://github.com/httpie/cli
trpc,trpc,https://github.com/trpc/trpc
ccxt,ccxt,https://github.com/ccxt/ccxt
Binaryify,NeteaseCloudMusicApi,https://github.com/Binaryify/NeteaseCloudMusicApi
YMFE,yapi,https://github.com/YMFE/yapi
encode,django-rest-framework,https://github.com/encode/django-rest-framework
littlecodersh,ItChat,https://github.com/littlecodersh/ItChat
directus,directus,https://github.com/directus/directus
microsoft,api-guidelines,https://github.com/microsoft/api-guidelines
shieldfy,API-Security-Checklist,https://github.com/shieldfy/API-Security-Checklist
