username,repo_name,repo_url
arendst,Tasmota,https://github.com/arendst/Tasmota
MarlinFirmware,Marlin,https://github.com/MarlinFirmware/Marlin
arduino,Arduino,https://github.com/arduino/Arduino
tinygo-org,tinygo,https://github.com/tinygo-org/tinygo
rwaldron,johnny-five,https://github.com/rwaldron/johnny-five
SpacehuhnTech,esp8266_deauther,https://github.com/SpacehuhnTech/esp8266_deauther
espressif,arduino-esp32,https://github.com/espressif/arduino-esp32
gurugio,lowlevelprogramming-university,https://github.com/gurugio/lowlevelprogramming-university
hybridgroup,gobot,https://github.com/hybridgroup/gobot
platformio,platformio-core,https://github.com/platformio/platformio-core
bblanchon,ArduinoJson,https://github.com/bblanchon/ArduinoJson
tzapu,WiFiManager,https://github.com/tzapu/WiFiManager
olikraus,u8g2,https://github.com/olikraus/u8g2
ClemensElflein,OpenMower,https://github.com/ClemensElflein/OpenMower
Arduino-IRremote,Arduino-IRremote,https://github.com/Arduino-IRremote/Arduino-IRremote
arduino,arduino-cli,https://github.com/arduino/arduino-cli
hybridgroup,cylon,https://github.com/hybridgroup/cylon
Serial-Studio,Serial-Studio,https://github.com/Serial-Studio/Serial-Studio
blynkkk,blynk-library,https://github.com/blynkkk/blynk-library
NerdLang,nerd,https://github.com/NerdLang/nerd
