username,repo_name,repo_url
bitwarden,server,https://github.com/bitwarden/server
dotnet,AspNetCore.Docs,https://github.com/dotnet/AspNetCore.Docs
abpframework,abp,https://github.com/abpframework/abp
aspnetboilerplate,aspnetboilerplate,https://github.com/aspnetboilerplate/aspnetboilerplate
nopSolutions,nopCommerce,https://github.com/nopSolutions/nopCommerce
ElectronNET,Electron.NET,https://github.com/ElectronNET/Electron.NET
thangchung,clean-code-dotnet,https://github.com/thangchung/clean-code-dotnet
RicoSuter,NSwag,https://github.com/RicoSuter/NSwag
FastEndpoints,FastEndpoints,https://github.com/FastEndpoints/FastEndpoints
dotnet,aspnet-api-versioning,https://github.com/dotnet/aspnet-api-versioning
smartstore,SmartStoreNET,https://github.com/smartstore/SmartStoreNET
JimBobSquarePants,ImageProcessor,https://github.com/JimBobSquarePants/ImageProcessor
serenity-is,Serenity,https://github.com/serenity-is/Serenity
mjebrahimi,Awesome-Microservices-DotNet,https://github.com/mjebrahimi/Awesome-Microservices-DotNet
loic-sharma,BaGet,https://github.com/loic-sharma/BaGet
TrilonIO,aspnetcore-angular-universal,https://github.com/TrilonIO/aspnetcore-angular-universal
TrilonIO,aspnetcore-Vue-starter,https://github.com/TrilonIO/aspnetcore-Vue-starter
MarimerLLC,csla,https://github.com/MarimerLLC/csla
smartstore,Smartstore,https://github.com/smartstore/Smartstore
antonioCoco,SharPyShell,https://github.com/antonioCoco/SharPyShell
