username,repo_name,repo_url
atom,atom,https://github.com/atom/atom
miniflux,v2,https://github.com/miniflux/v2
themerdev,themer,https://github.com/themerdev/themer
shd101wyy,markdown-preview-enhanced,https://github.com/shd101wyy/markdown-preview-enhanced
nteract,hydrogen,https://github.com/nteract/hydrogen
atom,teletype,https://github.com/atom/teletype
mmcdole,gofeed,https://github.com/mmcdole/gofeed
NaiboWang,CommandlineConfig,https://github.com/NaiboWang/CommandlineConfig
feeddd,feeds,https://github.com/feeddd/feeds
mehcode,awesome-atom,https://github.com/mehcode/awesome-atom
kurtmckee,feedparser,https://github.com/kurtmckee/feedparser
joefitzgerald,go-plus,https://github.com/joefitzgerald/go-plus
ocaml,merlin,https://github.com/ocaml/merlin
Glavin001,atom-beautify,https://github.com/Glavin001/atom-beautify
simplepie,simplepie,https://github.com/simplepie/simplepie
t9md,atom-vim-mode-plus,https://github.com/t9md/atom-vim-mode-plus
MagicStack,MagicPython,https://github.com/MagicStack/MagicPython
fwcd,kotlin-language-server,https://github.com/fwcd/kotlin-language-server
file-icons,atom,https://github.com/file-icons/atom
atom,apm,https://github.com/atom/apm
