username,repo_name,repo_url
sindresorhus,awesome,https://github.com/sindresorhus/awesome
vinta,awesome-python,https://github.com/vinta/awesome-python
awesome-selfhosted,awesome-selfhosted,https://github.com/awesome-selfhosted/awesome-selfhosted
trimstray,the-book-of-secret-knowledge,https://github.com/trimstray/the-book-of-secret-knowledge
avelino,awesome-go,https://github.com/avelino/awesome-go
papers-we-love,papers-we-love,https://github.com/papers-we-love/papers-we-love
521xueweihan,HelloGitHub,https://github.com/521xueweihan/HelloGitHub
Hack-with-Github,Awesome-Hacking,https://github.com/Hack-with-Github/Awesome-Hacking
jaywcjlove,awesome-mac,https://github.com/jaywcjlove/awesome-mac
enaqx,awesome-react,https://github.com/enaqx/awesome-react
DopplerHQ,awesome-interview-questions,https://github.com/DopplerHQ/awesome-interview-questions
MunGell,awesome-for-beginners,https://github.com/MunGell/awesome-for-beginners
sindresorhus,awesome-nodejs,https://github.com/sindresorhus/awesome-nodejs
fffaraz,awesome-cpp,https://github.com/fffaraz/awesome-cpp
prakhar1989,awesome-courses,https://github.com/prakhar1989/awesome-courses
binhnguyennus,awesome-scalability,https://github.com/binhnguyennus/awesome-scalability
Solido,awesome-flutter,https://github.com/Solido/awesome-flutter
wasabeef,awesome-android-ui,https://github.com/wasabeef/awesome-android-ui
vsouza,awesome-ios,https://github.com/vsouza/awesome-ios
tiimgreen,github-cheat-sheet,https://github.com/tiimgreen/github-cheat-sheet
