username,repo_name,repo_url
bregman-arie,devops-exercises,https://github.com/bregman-arie/devops-exercises
pulumi,pulumi,https://github.com/pulumi/pulumi
recommenders-team,recommenders,https://github.com/recommenders-team/recommenders
ramitsurana,awesome-kubernetes,https://github.com/ramitsurana/awesome-kubernetes
getsops,sops,https://github.com/getsops/sops
Azure,azure-quickstart-templates,https://github.com/Azure/azure-quickstart-templates
caprover,caprover,https://github.com/caprover/caprover
infracost,infracost,https://github.com/infracost/infracost
google,go-cloud,https://github.com/google/go-cloud
microsoft,computervision-recipes,https://github.com/microsoft/computervision-recipes
prowler-cloud,prowler,https://github.com/prowler-cloud/prowler
microsoft,azuredatastudio,https://github.com/microsoft/azuredatastudio
Netflix,metaflow,https://github.com/Netflix/metaflow
midwayjs,midway,https://github.com/midwayjs/midway
node-formidable,formidable,https://github.com/node-formidable/formidable
thangchung,clean-code-dotnet,https://github.com/thangchung/clean-code-dotnet
milanm,DevOps-Roadmap,https://github.com/milanm/DevOps-Roadmap
budtmo,docker-android,https://github.com/budtmo/docker-android
aquasecurity,tfsec,https://github.com/aquasecurity/tfsec
bridgecrewio,checkov,https://github.com/bridgecrewio/checkov
