username,repo_name,repo_url
babel,babel,https://github.com/babel/babel
swc-project,swc,https://github.com/swc-project/swc
nylas,nylas-mail,https://github.com/nylas/nylas-mail
electron-react-boilerplate,electron-react-boilerplate,https://github.com/electron-react-boilerplate/electron-react-boilerplate
SimulatedGREG,electron-vue,https://github.com/SimulatedGREG/electron-vue
grab,front-end-guide,https://github.com/grab/front-end-guide
jamiebuilds,babel-handbook,https://github.com/jamiebuilds/babel-handbook
developit,htm,https://github.com/developit/htm
grommet,grommet,https://github.com/grommet/grommet
ben-rogerson,twin.macro,https://github.com/ben-rogerson/twin.macro
angular-fullstack,generator-angular-fullstack,https://github.com/angular-fullstack/generator-angular-fullstack
documentationjs,documentation,https://github.com/documentationjs/documentation
fkling,astexplorer,https://github.com/fkling/astexplorer
insin,nwb,https://github.com/insin/nwb
thinkjs,thinkjs,https://github.com/thinkjs/thinkjs
egoist,poi,https://github.com/egoist/poi
duxianwei520,react,https://github.com/duxianwei520/react
thx,gogocode,https://github.com/thx/gogocode
transitive-bullshit,create-react-library,https://github.com/transitive-bullshit/create-react-library
babel,babel-loader,https://github.com/babel/babel-loader
