username,repo_name,repo_url
jlevy,the-art-of-command-line,https://github.com/jlevy/the-art-of-command-line
nvm-sh,nvm,https://github.com/nvm-sh/nvm
junegunn,fzf,https://github.com/junegunn/fzf
google,zx,https://github.com/google/zx
starship,starship,https://github.com/starship/starship
dylanaraps,pure-bash-bible,https://github.com/dylanaraps/pure-bash-bible
LeCoupa,awesome-cheatsheets,https://github.com/LeCoupa/awesome-cheatsheets
acmesh-official,acme.sh,https://github.com/acmesh-official/acme.sh
koalaman,shellcheck,https://github.com/koalaman/shellcheck
mathiasbynens,dotfiles,https://github.com/mathiasbynens/dotfiles
alebcay,awesome-shell,https://github.com/alebcay/awesome-shell
jaywcjlove,linux-command,https://github.com/jaywcjlove/linux-command
withfig,autocomplete,https://github.com/withfig/autocomplete
dylanaraps,neofetch,https://github.com/dylanaraps/neofetch
asdf-vm,asdf,https://github.com/asdf-vm/asdf
Nyr,openvpn-install,https://github.com/Nyr/openvpn-install
kingToolbox,WindTerm,https://github.com/kingToolbox/WindTerm
warpdotdev,Warp,https://github.com/warpdotdev/Warp
rbenv,rbenv,https://github.com/rbenv/rbenv
charmbracelet,gum,https://github.com/charmbracelet/gum
