username,repo_name,repo_url
bitcoin,bitcoin,https://github.com/bitcoin/bitcoin
ccxt,ccxt,https://github.com/ccxt/ccxt
freqtrade,freqtrade,https://github.com/freqtrade/freqtrade
HelloZeroNet,ZeroNet,https://github.com/HelloZeroNet/ZeroNet
solana-labs,solana,https://github.com/solana-labs/solana
bbfamily,abu,https://github.com/bbfamily/abu
askmike,gekko,https://github.com/askmike/gekko
dvf,blockchain,https://github.com/dvf/blockchain
lightningnetwork,lnd,https://github.com/lightningnetwork/lnd
lbryio,lbry-sdk,https://github.com/lbryio/lbry-sdk
spesmilo,electrum,https://github.com/spesmilo/electrum
yeasy,blockchain_guide,https://github.com/yeasy/blockchain_guide
butor,blackbird,https://github.com/butor/blackbird
btcsuite,btcd,https://github.com/btcsuite/btcd
btcpayserver,btcpayserver,https://github.com/btcpayserver/btcpayserver
bitcoinjs,bitcoinjs-lib,https://github.com/bitcoinjs/bitcoinjs-lib
getumbrel,umbrel,https://github.com/getumbrel/umbrel
anders94,blockchain-demo,https://github.com/anders94/blockchain-demo
jesse-ai,jesse,https://github.com/jesse-ai/jesse
UFund-Me,Qbot,https://github.com/UFund-Me/Qbot
