username,repo_name,repo_url
twbs,bootstrap,https://github.com/twbs/bootstrap
ColorlibHQ,AdminLTE,https://github.com/ColorlibHQ/AdminLTE
tabler,tabler,https://github.com/tabler/tabler
mdbootstrap,mdb-ui-kit,https://github.com/mdbootstrap/mdb-ui-kit
react-bootstrap,react-bootstrap,https://github.com/react-bootstrap/react-bootstrap
ColorlibHQ,gentelella,https://github.com/ColorlibHQ/gentelella
verekia,js-stack-from-scratch,https://github.com/verekia/js-stack-from-scratch
bootstrap-vue,bootstrap-vue,https://github.com/bootstrap-vue/bootstrap-vue
thomaspark,bootswatch,https://github.com/thomaspark/bootswatch
selectize,selectize.js,https://github.com/selectize/selectize.js
uxsolutions,bootstrap-datepicker,https://github.com/uxsolutions/bootstrap-datepicker
coreui,coreui-free-bootstrap-admin-template,https://github.com/coreui/coreui-free-bootstrap-admin-template
wenzhixin,bootstrap-table,https://github.com/wenzhixin/bootstrap-table
Templarian,MaterialDesign,https://github.com/Templarian/MaterialDesign
reactstrap,reactstrap,https://github.com/reactstrap/reactstrap
snapappointments,bootstrap-select,https://github.com/snapappointments/bootstrap-select
StartBootstrap,startbootstrap-sb-admin-2,https://github.com/StartBootstrap/startbootstrap-sb-admin-2
mdbootstrap,material-design-for-bootstrap,https://github.com/mdbootstrap/material-design-for-bootstrap
ng-bootstrap,ng-bootstrap,https://github.com/ng-bootstrap/ng-bootstrap
BlackrockDigital,startbootstrap,https://github.com/BlackrockDigital/startbootstrap
