username,repo_name,repo_url
ccxt,ccxt,https://github.com/ccxt/ccxt
discordjs,discord.js,https://github.com/discordjs/discord.js
python-telegram-bot,python-telegram-bot,https://github.com/python-telegram-bot/python-telegram-bot
wechaty,wechaty,https://github.com/wechaty/wechaty
RasaHQ,rasa,https://github.com/RasaHQ/rasa
hubotio,hubot,https://github.com/hubotio/hubot
InstaPy,InstaPy,https://github.com/InstaPy/InstaPy
leon-ai,leon,https://github.com/leon-ai/leon
gunthercox,ChatterBot,https://github.com/gunthercox/ChatterBot
Rapptz,discord.py,https://github.com/Rapptz/discord.py
tgbot-collection,YYeTsBot,https://github.com/tgbot-collection/YYeTsBot
pedroslopez,whatsapp-web.js,https://github.com/pedroslopez/whatsapp-web.js
howdyai,botkit,https://github.com/howdyai/botkit
lss233,chatgpt-mirai-qq-bot,https://github.com/lss233/chatgpt-mirai-qq-bot
Mrs4s,go-cqhttp,https://github.com/Mrs4s/go-cqhttp
sfyc23,EverydayWechat,https://github.com/sfyc23/EverydayWechat
microsoft,ailab,https://github.com/microsoft/ailab
yagop,node-telegram-bot-api,https://github.com/yagop/node-telegram-bot-api
microsoft,botframework-sdk,https://github.com/microsoft/botframework-sdk
telegraf,telegraf,https://github.com/telegraf/telegraf
