username,repo_name,repo_url
CyC2018,CS-Notes,https://github.com/CyC2018/CS-Notes
practical-tutorials,project-based-learning,https://github.com/practical-tutorials/project-based-learning
azl397985856,leetcode,https://github.com/azl397985856/leetcode
fffaraz,awesome-cpp,https://github.com/fffaraz/awesome-cpp
youngyangyang04,leetcode-master,https://github.com/youngyangyang04/leetcode-master
x64dbg,x64dbg,https://github.com/x64dbg/x64dbg
Light-City,CPlusPlusThings,https://github.com/Light-City/CPlusPlusThings
carbon-language,carbon-lang,https://github.com/carbon-language/carbon-lang
yuzu-emu,yuzu,https://github.com/yuzu-emu/yuzu
huihut,interview,https://github.com/huihut/interview
CMU-Perceptual-Computing-Lab,openpose,https://github.com/CMU-Perceptual-Computing-Lab/openpose
microsoft,calculator,https://github.com/microsoft/calculator
TheAlgorithms,C-Plus-Plus,https://github.com/TheAlgorithms/C-Plus-Plus
doocs,leetcode,https://github.com/doocs/leetcode
changkun,modern-cpp-tutorial,https://github.com/changkun/modern-cpp-tutorial
dragonflydb,dragonfly,https://github.com/dragonflydb/dragonfly
ethereum,solidity,https://github.com/ethereum/solidity
gabime,spdlog,https://github.com/gabime/spdlog
microsoft,vcpkg,https://github.com/microsoft/vcpkg
ssloy,tinyrenderer,https://github.com/ssloy/tinyrenderer
