username,repo_name,repo_url
Genymobile,scrcpy,https://github.com/Genymobile/scrcpy
neovim,neovim,https://github.com/neovim/neovim
obsproject,obs-studio,https://github.com/obsproject/obs-studio
fffaraz,awesome-cpp,https://github.com/fffaraz/awesome-cpp
git,git,https://github.com/git/git
FFmpeg,FFmpeg,https://github.com/FFmpeg/FFmpeg
serhii-londar,open-source-mac-os-apps,https://github.com/serhii-londar/open-source-mac-os-apps
vim,vim,https://github.com/vim/vim
curl,curl,https://github.com/curl/curl
huihut,interview,https://github.com/huihut/interview
ggreer,the_silver_searcher,https://github.com/ggreer/the_silver_searcher
mpv-player,mpv,https://github.com/mpv-player/mpv
ossrs,srs,https://github.com/ossrs/srs
google,flatbuffers,https://github.com/google/flatbuffers
ruby,ruby,https://github.com/ruby/ruby
kovidgoyal,kitty,https://github.com/kovidgoyal/kitty
microsoft,vcpkg,https://github.com/microsoft/vcpkg
radareorg,radare2,https://github.com/radareorg/radare2
hashcat,hashcat,https://github.com/hashcat/hashcat
jarun,nnn,https://github.com/jarun/nnn
