username,repo_name,repo_url
iamadamdev,bypass-paywalls-chrome,https://github.com/iamadamdev/bypass-paywalls-chrome
jaywcjlove,linux-command,https://github.com/jaywcjlove/linux-command
refined-github,refined-github,https://github.com/refined-github/refined-github
openai-translator,openai-translator,https://github.com/openai-translator/openai-translator
darkreader,darkreader,https://github.com/darkreader/darkreader
checkly,headless-recorder,https://github.com/checkly/headless-recorder
dailydotdev,daily,https://github.com/dailydotdev/daily
unbug,codelf,https://github.com/unbug/codelf
wong2,chatgpt-google-extension,https://github.com/wong2/chatgpt-google-extension
gildas-lormeau,SingleFile,https://github.com/gildas-lormeau/SingleFile
immersive-translate,immersive-translate,https://github.com/immersive-translate/immersive-translate
Anarios,return-youtube-dislike,https://github.com/Anarios/return-youtube-dislike
crimx,ext-saladict,https://github.com/crimx/ext-saladict
listen1,listen1_chrome_extension,https://github.com/listen1/listen1_chrome_extension
josStorer,chatGPTBox,https://github.com/josStorer/chatGPTBox
alyssaxuu,screenity,https://github.com/alyssaxuu/screenity
chathub-dev,chathub,https://github.com/chathub-dev/chathub
AutomaApp,automa,https://github.com/AutomaApp/automa
appbaseio,dejavu,https://github.com/appbaseio/dejavu
ajayyy,SponsorBlock,https://github.com/ajayyy/SponsorBlock
