username,repo_name,repo_url
electron,electron,https://github.com/electron/electron
puppeteer,puppeteer,https://github.com/puppeteer/puppeteer
microsoft,playwright,https://github.com/microsoft/playwright
FiloSottile,mkcert,https://github.com/FiloSottile/mkcert
iamadamdev,bypass-paywalls-chrome,https://github.com/iamadamdev/bypass-paywalls-chrome
jaywcjlove,linux-command,https://github.com/jaywcjlove/linux-command
ovity,octotree,https://github.com/ovity/octotree
segment-boneyard,nightmare,https://github.com/segment-boneyard/nightmare
checkly,headless-recorder,https://github.com/checkly/headless-recorder
google,WebFundamentals,https://github.com/google/WebFundamentals
GoogleChrome,chrome-extensions-samples,https://github.com/GoogleChrome/chrome-extensions-samples
schickling,chromeless,https://github.com/schickling/chromeless
gildas-lormeau,SingleFile,https://github.com/gildas-lormeau/SingleFile
casesandberg,react-color,https://github.com/casesandberg/react-color
crimx,ext-saladict,https://github.com/crimx/ext-saladict
MetaMask,metamask-extension,https://github.com/MetaMask/metamask-extension
chromedp,chromedp,https://github.com/chromedp/chromedp
moonD4rk,HackBrowserData,https://github.com/moonD4rk/HackBrowserData
uBlock-LLC,uBlock,https://github.com/uBlock-LLC/uBlock
ajayyy,SponsorBlock,https://github.com/ajayyy/SponsorBlock
