username,repo_name,repo_url
metabase,metabase,https://github.com/metabase/metabase
logseq,logseq,https://github.com/logseq/logseq
penpot,penpot,https://github.com/penpot/penpot
deeplearning4j,deeplearning4j,https://github.com/deeplearning4j/deeplearning4j
LightTable,LightTable,https://github.com/LightTable/LightTable
kanaka,mal,https://github.com/kanaka/mal
lk-geimfari,awesomo,https://github.com/lk-geimfari/awesomo
tonsky,datascript,https://github.com/tonsky/datascript
reagent-project,reagent,https://github.com/reagent-project/reagent
riemann,riemann,https://github.com/riemann/riemann
izhangzhihao,intellij-rainbow-brackets,https://github.com/izhangzhihao/intellij-rainbow-brackets
weavejester,compojure,https://github.com/weavejester/compojure
bbatsov,clojure-style-guide,https://github.com/bbatsov/clojure-style-guide
status-im,status-mobile,https://github.com/status-im/status-mobile
ring-clojure,ring,https://github.com/ring-clojure/ring
babashka,babashka,https://github.com/babashka/babashka
clojure-emacs,cider,https://github.com/clojure-emacs/cider
defold,defold,https://github.com/defold/defold
viebel,klipse,https://github.com/viebel/klipse
tallesl,Rich-Hickey-fanclub,https://github.com/tallesl/Rich-Hickey-fanclub
