username,repo_name,repo_url
ovity,octotree,https://github.com/ovity/octotree
gitpod-io,gitpod,https://github.com/gitpod-io/gitpod
reviewdog,reviewdog,https://github.com/reviewdog/reviewdog
danger,danger,https://github.com/danger/danger
danger,danger-js,https://github.com/danger/danger-js
joho,awesome-code-review,https://github.com/joho/awesome-code-review
Codium-ai,pr-agent,https://github.com/Codium-ai/pr-agent
ajinabraham,nodejsscan,https://github.com/ajinabraham/nodejsscan
microsoft,vscode-pull-request-github,https://github.com/microsoft/vscode-pull-request-github
houndci,hound,https://github.com/houndci/hound
crev-dev,cargo-crev,https://github.com/crev-dev/cargo-crev
mbj,mutant,https://github.com/mbj/mutant
reviewboard,reviewboard,https://github.com/reviewboard/reviewboard
Tencent,CodeAnalysis,https://github.com/Tencent/CodeAnalysis
ryanmcdermott,code-review-tips,https://github.com/ryanmcdermott/code-review-tips
bit4woo,python_sec,https://github.com/bit4woo/python_sec
code-review-checklists,java-concurrency,https://github.com/code-review-checklists/java-concurrency
coderabbitai,ai-pr-reviewer,https://github.com/coderabbitai/ai-pr-reviewer
mattzcarey,code-review-gpt,https://github.com/mattzcarey/code-review-gpt
TeamCodeStream,codestream,https://github.com/TeamCodeStream/codestream
