username,repo_name,repo_url
realm,SwiftLint,https://github.com/realm/SwiftLint
facebook,infer,https://github.com/facebook/infer
analysis-tools-dev,static-analysis,https://github.com/analysis-tools-dev/static-analysis
Kristories,awesome-guidelines,https://github.com/Kristories/awesome-guidelines
SonarSource,sonarqube,https://github.com/SonarSource/sonarqube
checkstyle,checkstyle,https://github.com/checkstyle/checkstyle
reviewdog,reviewdog,https://github.com/reviewdog/reviewdog
facebook,pyre-check,https://github.com/facebook/pyre-check
detekt,detekt,https://github.com/detekt/detekt
import-js,eslint-plugin-import,https://github.com/import-js/eslint-plugin-import
trekhleb,state-of-the-art-shitcode,https://github.com/trekhleb/state-of-the-art-shitcode
pylint-dev,pylint,https://github.com/pylint-dev/pylint
simplecov-ruby,simplecov,https://github.com/simplecov-ruby/simplecov
pmd,pmd,https://github.com/pmd/pmd
phpro,grumphp,https://github.com/phpro/grumphp
kucherenko,jscpd,https://github.com/kucherenko/jscpd
htmlhint,HTMLHint,https://github.com/htmlhint/HTMLHint
codeclimate,codeclimate,https://github.com/codeclimate/codeclimate
wemake-services,wemake-python-styleguide,https://github.com/wemake-services/wemake-python-styleguide
uber,piranha,https://github.com/uber/piranha
