username,repo_name,repo_url
ohmyzsh,ohmyzsh,https://github.com/ohmyzsh/ohmyzsh
junegunn,fzf,https://github.com/junegunn/fzf
sherlock-project,sherlock,https://github.com/sherlock-project/sherlock
sharkdp,bat,https://github.com/sharkdp/bat
BurntSushi,ripgrep,https://github.com/BurntSushi/ripgrep
jesseduffield,lazygit,https://github.com/jesseduffield/lazygit
wagoodman,dive,https://github.com/wagoodman/dive
google,zx,https://github.com/google/zx
chubin,cheat.sh,https://github.com/chubin/cheat.sh
n8n-io,n8n,https://github.com/n8n-io/n8n
spf13,cobra,https://github.com/spf13/cobra
cli,cli,https://github.com/cli/cli
httpie,cli,https://github.com/httpie/cli
sharkdp,fd,https://github.com/sharkdp/fd
alebcay,awesome-shell,https://github.com/alebcay/awesome-shell
ibraheemdev,modern-unix,https://github.com/ibraheemdev/modern-unix
acheong08,ChatGPT,https://github.com/acheong08/ChatGPT
angular,angular-cli,https://github.com/angular/angular-cli
tqdm,tqdm,https://github.com/tqdm/tqdm
google,python-fire,https://github.com/google/python-fire
