username,repo_name,repo_url
vercel,next.js,https://github.com/vercel/next.js
rust-lang,rust,https://github.com/rust-lang/rust
sveltejs,svelte,https://github.com/sveltejs/svelte
webpack,webpack,https://github.com/webpack/webpack
gatsbyjs,gatsby,https://github.com/gatsbyjs/gatsby
JetBrains,kotlin,https://github.com/JetBrains/kotlin
parcel-bundler,parcel,https://github.com/parcel-bundler/parcel
babel,babel,https://github.com/babel/babel
evanw,esbuild,https://github.com/evanw/esbuild
vlang,v,https://github.com/vlang/v
FuelLabs,sway,https://github.com/FuelLabs/sway
carbon-language,carbon-lang,https://github.com/carbon-language/carbon-lang
markedjs,marked,https://github.com/markedjs/marked
swc-project,swc,https://github.com/swc-project/swc
ziglang,zig,https://github.com/ziglang/zig
vercel,pkg,https://github.com/vercel/pkg
typst,typst,https://github.com/typst/typst
v8,v8,https://github.com/v8/v8
oracle,graal,https://github.com/oracle/graal
AssemblyScript,assemblyscript,https://github.com/AssemblyScript/assemblyscript
