username,repo_name,repo_url
localstack,localstack,https://github.com/localstack/localstack
harness,gitness,https://github.com/harness/gitness
jenkinsci,jenkins,https://github.com/jenkinsci/jenkins
auchenberg,volkswagen,https://github.com/auchenberg/volkswagen
theonedev,onedev,https://github.com/theonedev/onedev
dagger,dagger,https://github.com/dagger/dagger
openshift,origin,https://github.com/openshift/origin
concourse,concourse,https://github.com/concourse/concourse
gocd,gocd,https://github.com/gocd/gocd
milanm,DevOps-Roadmap,https://github.com/milanm/DevOps-Roadmap
gaia-pipeline,gaia,https://github.com/gaia-pipeline/gaia
buildbot,buildbot,https://github.com/buildbot/buildbot
Strider-CD,strider,https://github.com/Strider-CD/strider
jenkins-x,jx,https://github.com/jenkins-x/jx
ovh,cds,https://github.com/ovh/cds
JamesIves,github-pages-deploy-action,https://github.com/JamesIves/github-pages-deploy-action
xcpretty,xcpretty,https://github.com/xcpretty/xcpretty
iterative,cml,https://github.com/iterative/cml
werf,werf,https://github.com/werf/werf
hygieia,hygieia,https://github.com/hygieia/hygieia
