username,repo_name,repo_url
CSSEGISandData,COVID-19,https://github.com/CSSEGISandData/COVID-19
nytimes,covid-19-data,https://github.com/nytimes/covid-19-data
covid19india,covid19india-react,https://github.com/covid19india/covid19india-react
Tokyo-Metro-Gov,covid19,https://github.com/Tokyo-Metro-Gov/covid19
owid,covid-19-data,https://github.com/owid/covid-19-data
pcm-dpc,COVID-19,https://github.com/pcm-dpc/COVID-19
ieee8023,covid-chestxray-dataset,https://github.com/ieee8023/covid-chestxray-dataset
geohot,corona,https://github.com/geohot/corona
disease-sh,API,https://github.com/disease-sh/API
WorldHealthOrganization,app,https://github.com/WorldHealthOrganization/app
corona-warn-app,cwa-server,https://github.com/corona-warn-app/cwa-server
ahmadawais,corona-cli,https://github.com/ahmadawais/corona-cli
github,covid19-dashboard,https://github.com/github/covid19-dashboard
ExpDev07,coronavirus-tracker-api,https://github.com/ExpDev07/coronavirus-tracker-api
soroushchehresa,awesome-coronavirus,https://github.com/soroushchehresa/awesome-coronavirus
mhdhejazi,CoronaTracker,https://github.com/mhdhejazi/CoronaTracker
cirosantilli,china-dictatorship,https://github.com/cirosantilli/china-dictatorship
chandrikadeb7,Face-Mask-Detection,https://github.com/chandrikadeb7/Face-Mask-Detection
neherlab,covid19_scenarios,https://github.com/neherlab/covid19_scenarios
chrismattmann,tika-python,https://github.com/chrismattmann/tika-python
